code,timestamp,status,credit
ABPG,1755443562,Invalidate,dropper - grapherz
AREG,1755443562,Invalidate,dropper - grapherz
ASPG,1755443562,Invalidate,dropper - grapherz
AUTG,1755443562,Confirm,dropper - grapherz
BBRG,1755443562,Invalidate,dropper - grapherz
BIRG,1755443562,Confirm,dropper - grapherz
BNLG,1755443562,Invalidate,dropper - grapherz
BSYG,1755443562,Invalidate,dropper - grapherz
BXEG,1755443562,Invalidate,dropper - grapherz
CITG,1755443562,Invalidate,dropper - grapherz
DCPG,1755443562,Invalidate,dropper - grapherz
DCTG,1755443562,Invalidate,dropper - grapherz
DRPG,1755443562,Confirm,dropper - grapherz
DSLG,1755443562,Invalidate,dropper - grapherz
DTTG,1755443562,Invalidate,dropper - grapherz
DZYG,1755443562,Invalidate,dropper - grapherz
EBLG,1755443562,Invalidate,dropper - grapherz
ECPG,1755443562,Invalidate,dropper - grapherz
EJTG,1755443562,Invalidate,dropper - grapherz
EPPG,1755443562,Invalidate,dropper - grapherz
EQYG,1755443562,Invalidate,dropper - grapherz
ESLG,1755443562,Confirm,dropper - grapherz
EWTG,1755443562,Invalidate,dropper - grapherz
EXEG,1755443562,Invalidate,dropper - grapherz
FCLG,1755443562,Invalidate,dropper - grapherz
FJTG,1755443562,Invalidate,dropper - grapherz
FLYG,1755443562,Invalidate,dropper - grapherz
FMLG,1755443562,Confirm,dropper - grapherz
FNLG,1755443562,Invalidate,dropper - grapherz
FQEG,1755443562,Invalidate,dropper - grapherz
FWYG,1755443562,Invalidate,dropper - grapherz
GMTG,1755443562,Invalidate,dropper - grapherz
GUTG,1755443562,Invalidate,dropper - grapherz
GWLG,1755443562,Confirm,dropper - grapherz
GYTG,1755443562,Confirm,dropper - grapherz
HGTG,1755443562,Confirm,dropper - grapherz
HLEG,1755443562,Confirm,dropper - grapherz
HMLG,1755443562,Confirm,dropper - grapherz
HNLG,1755443562,Confirm,dropper - grapherz
HNRG,1755443562,Invalidate,dropper - grapherz
HULG,1755443562,Invalidate,dropper - grapherz
HVTG,1755443562,Invalidate,dropper - grapherz
IAPG,1755443562,Confirm,dropper - grapherz
IBLG,1755443562,Confirm,dropper - grapherz
IGPG,1755443562,Invalidate,dropper - grapherz
IIPG,1755443562,Invalidate,dropper - grapherz
IOLG,1755443562,Invalidate,dropper - grapherz
ISLG,1755443562,Invalidate,dropper - grapherz
IUTG,1755443562,Confirm,dropper - grapherz
IWEG,1755443562,Invalidate,dropper - grapherz
JDPG,1755443562,Confirm,dropper - grapherz
JJLG,1755443562,Invalidate,dropper - grapherz
JNLG,1755443562,Confirm,dropper - grapherz
JPPG,1755443562,Invalidate,dropper - grapherz
JWEG,1755443562,Confirm,dropper - grapherz
JZYG,1755443562,Invalidate,dropper - grapherz
KAYG,1755443562,Invalidate,dropper - grapherz
KEPG,1755443562,Invalidate,dropper - grapherz
KGYG,1755443562,Confirm,dropper - grapherz
KHPG,1755443562,Invalidate,dropper - grapherz
KKYG,1755443562,Invalidate,dropper - grapherz
KQPG,1755443562,Confirm,dropper - grapherz
KTPG,1755443562,Invalidate,dropper - grapherz
KVYG,1755443562,Invalidate,dropper - grapherz
KWYG,1755443562,Invalidate,dropper - grapherz
LFTG,1755443562,Invalidate,dropper - grapherz
LKLG,1755443562,Invalidate,dropper - grapherz
LKYG,1755443562,Invalidate,dropper - grapherz
LMYG,1755443562,Invalidate,dropper - grapherz
LRTG,1755443562,Invalidate,dropper - grapherz
LTPG,1755443562,Invalidate,dropper - grapherz
LVLG,1755443562,Invalidate,dropper - grapherz
LXPG,1755443562,Invalidate,dropper - grapherz
MKPG,1755443562,Invalidate,dropper - grapherz
MPYG,1755443562,Invalidate,dropper - grapherz
MVLG,1755443562,Confirm,dropper - grapherz
MWLG,1755443562,Confirm,dropper - grapherz
NBPG,1755443562,Confirm,dropper - grapherz
NEYG,1755443562,Invalidate,dropper - grapherz
NQYG,1755443562,Confirm,dropper - grapherz
NTTG,1755443562,Invalidate,dropper - grapherz
NUYG,1755443562,Invalidate,dropper - grapherz
OLPG,1755443562,Invalidate,dropper - grapherz
OPLG,1755443562,Invalidate,dropper - grapherz
OQEG,1755443562,Invalidate,dropper - grapherz
ORLG,1755443562,Invalidate,dropper - grapherz
ORYG,1755443562,Invalidate,dropper - grapherz
OVYG,1755443562,Invalidate,dropper - grapherz
PFLG,1755443562,Confirm,dropper - grapherz
PFYG,1755443562,Invalidate,dropper - grapherz
PREG,1755443562,Invalidate,dropper - grapherz
PRLG,1755443562,Invalidate,dropper - grapherz
PRPG,1755443562,Invalidate,dropper - grapherz
PYTG,1755443562,Confirm,dropper - grapherz
QARG,1755443562,Invalidate,dropper - grapherz
QCYG,1755443562,Confirm,dropper - grapherz
QILG,1755443562,Invalidate,dropper - grapherz
QMTG,1755443562,Invalidate,dropper - grapherz
QPLG,1755443562,Invalidate,dropper - grapherz
QRLG,1755443562,Invalidate,dropper - grapherz
QSPG,1755443562,Invalidate,dropper - grapherz
QYYG,1755443562,Invalidate,dropper - grapherz
RAPG,1755443562,Invalidate,dropper - grapherz
RFTG,1755443562,Confirm,dropper - grapherz
RMPG,1755443562,Invalidate,dropper - grapherz
RNYG,1755443562,Confirm,dropper - grapherz
ROYG,1755443562,Invalidate,dropper - grapherz
RQQQ,1755443562,Invalidate,dropper - grapherz
RTYG,1755443562,Invalidate,dropper - grapherz
RXTG,1755443562,Invalidate,dropper - grapherz
SBTG,1755443562,Invalidate,dropper - grapherz
SOTG,1755443562,Confirm,dropper - grapherz
TFYG,1755443562,Invalidate,dropper - grapherz
TKLG,1755443562,Invalidate,dropper - grapherz
TLTG,1755443562,Invalidate,dropper - grapherz
TMLG,1755443562,Invalidate,dropper - grapherz
TMRG,1755443562,Invalidate,dropper - grapherz
TOLG,1755443562,Invalidate,dropper - grapherz
TPTG,1755443562,Invalidate,dropper - grapherz
TWTG,1755443562,Invalidate,dropper - grapherz
UJLG,1755443562,Invalidate,dropper - grapherz
UOTG,1755443562,Confirm,dropper - grapherz
VCPG,1755443562,Invalidate,dropper - grapherz
VGYG,1755443562,Invalidate,dropper - grapherz
VLTG,1755443562,Invalidate,dropper - grapherz
VRPG,1755443562,Invalidate,dropper - grapherz
VZPG,1755443562,Invalidate,dropper - grapherz
WALG,1755443562,Invalidate,dropper - grapherz
WCLG,1755443562,Confirm,dropper - grapherz
WRLG,1755443562,Invalidate,dropper - grapherz
WULG,1755443562,Invalidate,dropper - grapherz
WVPG,1755443562,Invalidate,dropper - grapherz
WXPG,1755443562,Invalidate,dropper - grapherz
XFTG,1755443562,Invalidate,dropper - grapherz
XJLG,1755443562,Invalidate,dropper - grapherz
XUTG,1755443562,Invalidate,dropper - grapherz
XWTG,1755443562,Invalidate,dropper - grapherz
XXEG,1755443562,Invalidate,dropper - grapherz
XXPG,1755443562,Confirm,dropper - grapherz
XZLG,1755443562,Invalidate,dropper - grapherz
YELG,1755443562,Invalidate,dropper - grapherz
YJTG,1755443562,Invalidate,dropper - grapherz
YJYG,1755443562,Invalidate,dropper - grapherz
YRPG,1755443652,Confirm,dropper - grapherz
YSPG,1755443562,Invalidate,dropper - grapherz
ZATG,1755443562,Confirm,dropper - grapherz
ZBYG,1755443562,Invalidate,dropper - grapherz
ZUTG,1755443562,Confirm,dropper - grapherz

